time_s,target_LF_HipA,target_LR_HipA,target_RF_HipA,target_RR_HipA,target_LF_HipF,target_LR_HipF,target_RF_HipF,target_RR_HipF,target_LF_Knee,target_LR_Knee,target_RF_Knee,target_RR_Knee,robot_LF_HipA,robot_LR_HipA,robot_RF_HipA,robot_RR_HipA,robot_LF_HipF,robot_LR_HipF,robot_RF_HipF,robot_RR_HipF,robot_LF_Knee,robot_LR_Knee,robot_RF_Knee,robot_RR_Knee
0.011340587000177038,-0.033412,0.014663,0.027822,-0.016379,-0.101174,-0.010358,0.022731,0.04386,0.161525,0.039886,-0.087639,-0.106122,-0.0145701,0.0210923,0.0306824,-0.00267875,-0.132582,0.00436771,0.0209514,0.036296,0.140657,0.0384824,-0.0782935,-0.0973939
0.03136628400034169,-0.033412,0.014663,0.027822,-0.016379,-0.101174,-0.010358,0.022731,0.04386,0.161525,0.039886,-0.087639,-0.106122,-0.0145701,0.0210923,0.0306824,-0.00267875,-0.132582,0.00436771,0.0209514,0.036296,0.140657,0.0384824,-0.0782935,-0.0973939
0.051205995000145776,-0.033412,0.014663,0.027822,-0.016379,-0.101174,-0.010358,0.022731,0.04386,0.161525,0.039886,-0.087639,-0.106122,-0.0141867,0.0210923,0.0306824,-0.00229537,-0.133733,0.00436771,0.0217181,0.0366794,0.140657,0.0384824,-0.0782935,-0.0973939
0.07172510899999907,-0.033412,0.014663,0.027822,-0.016379,-0.101174,-0.010358,0.022731,0.04386,0.161525,0.039886,-0.087639,-0.106122,-0.0141867,0.0210923,0.0306824,-0.00229537,-0.133733,0.00436771,0.0217181,0.0366794,0.140657,0.0384824,-0.0782935,-0.0973939
0.09146966300022541,-0.033412,0.014663,0.027822,-0.016379,-0.101174,-0.010358,0.022731,0.04386,0.161525,0.039886,-0.087639,-0.106122,-0.0141867,0.0210923,0.0306824,-0.00229537,-0.133733,0.00436771,0.0217181,0.0366794,0.140657,0.0384824,-0.0782935,-0.0973939
0.11123329200017906,-0.033412,0.014663,0.027822,-0.016379,-0.101174,-0.010358,0.022731,0.04386,0.161525,0.039886,-0.087639,-0.106122,-0.0145701,0.0210923,0.0310658,-0.001912,-0.134884,0.00436771,0.0224859,0.0382138,0.140427,0.0384824,-0.0782935,-0.0971639
0.13138157699995645,-0.033412,0.014663,0.027822,-0.016379,-0.101174,-0.010358,0.022731,0.04386,0.161525,0.039886,-0.087639,-0.106122,-0.0145701,0.0210923,0.0310658,-0.001912,-0.134884,0.00436771,0.0224859,0.0382138,0.140427,0.0384824,-0.0782935,-0.0971639
0.1516358690000743,-0.033412,0.014663,0.027822,-0.016379,-0.101174,-0.010358,0.022731,0.04386,0.161525,0.039886,-0.087639,-0.106122,-0.0145701,0.0210923,0.0310658,-0.00152767,-0.136418,0.00436771,0.0224859,0.0397483,0.140427,0.0384824,-0.0785235,-0.096934
0.17083047000005536,-0.033412,0.014663,0.027822,-0.016379,-0.101174,-0.010358,0.022731,0.04386,0.161525,0.039886,-0.087639,-0.106122,-0.0145701,0.0210923,0.0310658,-0.00152767,-0.136418,0.00436771,0.0224859,0.0397483,0.140427,0.0384824,-0.0785235,-0.096934
0.19125816500036308,-0.033412,0.014663,0.027822,-0.016379,-0.101174,-0.010358,0.022731,0.04386,0.161525,0.039886,-0.087639,-0.106122,-0.0145701,0.0210923,0.0310658,-0.00152767,-0.136418,0.00436771,0.0224859,0.0397483,0.140427,0.0384824,-0.0785235,-0.096934
0.21145001000013508,-0.033412,0.014663,0.027822,-0.016379,-0.101174,-0.010358,0.022731,0.04386,0.161525,0.039886,-0.087639,-0.106122,-0.0145701,0.0210923,0.0310658,6.79493e-06,-0.137185,0.00513446,0.023636,0.0401326,0.140427,0.0382524,-0.0785235,-0.0964734
0.23171268800024336,-0.033412,0.014663,0.027822,-0.016379,-0.101174,-0.010358,0.022731,0.04386,0.161525,0.039886,-0.087639,-0.106122,-0.0145701,0.0210923,0.0310658,6.79493e-06,-0.137185,0.00513446,0.023636,0.0401326,0.140427,0.0382524,-0.0785235,-0.0964734
0.2510196880002695,-0.033412,0.014663,0.027822,-0.016379,-0.101174,-0.010358,0.022731,0.04386,0.161525,0.039886,-0.087639,-0.106122,-0.0145701,0.0203246,0.0318335,0.00115693,-0.13872,0.00551784,0.0255538,0.040516,0.140657,0.0380224,-0.0787541,-0.0960135
0.27114849600002344,-0.033412,0.014663,0.027822,-0.016379,-0.101174,-0.010358,0.022731,0.04386,0.161525,0.039886,-0.087639,-0.106122,-0.0145701,0.0203246,0.0318335,0.00115693,-0.13872,0.00551784,0.0255538,0.040516,0.140657,0.0380224,-0.0787541,-0.0960135
0.29145836199995756,-0.033412,0.014663,0.027822,-0.016379,-0.101174,-0.010358,0.022731,0.04386,0.161525,0.039886,-0.087639,-0.106122,-0.0145701,0.0203246,0.0318335,0.00115693,-0.13872,0.00551784,0.0255538,0.040516,0.140657,0.0380224,-0.0787541,-0.0960135
0.3107837659999859,-0.033412,0.014663,0.027822,-0.016379,-0.101174,-0.010358,0.022731,0.04386,0.161525,0.039886,-0.087639,-0.106122,-0.0145701,0.0199412,0.0322169,0.00230801,-0.142172,0.00513446,0.0282394,0.0416671,0.140427,0.0371019,-0.0787541,-0.095093
0.33088000400039164,-0.033412,0.014663,0.027822,-0.016379,-0.101174,-0.010358,0.022731,0.04386,0.161525,0.039886,-0.087639,-0.106122,-0.0145701,0.0199412,0.0322169,0.00230801,-0.142172,0.00513446,0.0282394,0.0416671,0.140427,0.0371019,-0.0787541,-0.095093
0.3513331150002159,-0.033412,0.014663,0.027822,-0.016379,-0.101174,-0.010358,0.022731,0.04386,0.161525,0.039886,-0.087639,-0.106122,-0.0145701,0.0195578,0.0318335,0.00422585,-0.145625,0.00475109,0.0316917,0.0435849,0.140427,0.0354909,-0.0787541,-0.0937119
0.37172838900005445,-0.033412,0.014663,0.027822,-0.016379,-0.101174,-0.010358,0.022731,0.04386,0.161525,0.039886,-0.087639,-0.106122,-0.0145701,0.0195578,0.0318335,0.00422585,-0.145625,0.00475109,0.0316917,0.0435849,0.140427,0.0354909,-0.0787541,-0.0937119
0.39073560299993915,-0.033412,0.014663,0.027822,-0.016379,-0.101174,-0.010358,0.022731,0.04386,0.161525,0.039886,-0.087639,-0.106122,-0.0145701,0.0195578,0.0318335,0.00422585,-0.145625,0.00475109,0.0316917,0.0435849,0.140427,0.0354909,-0.0787541,-0.0937119
0.41177314100013973,-0.033412,0.014663,0.027822,-0.016379,-0.101174,-0.010358,0.022731,0.04386,0.161525,0.039886,-0.087639,-0.106122,-0.0145701,0.0199412,0.0318335,0.00499356,-0.148311,0.00436771,0.0355293,0.0439683,0.140427,0.0343404,-0.0787541,-0.091871
0.4309559600001194,-0.033412,0.014663,0.027822,-0.016379,-0.101174,-0.010358,0.022731,0.04386,0.161525,0.039886,-0.087639,-0.106122,-0.0145701,0.0199412,0.0318335,0.00499356,-0.148311,0.00436771,0.0355293,0.0439683,0.140427,0.0343404,-0.0787541,-0.091871
0.45158149200005937,-0.033412,0.014663,0.027822,-0.016379,-0.101174,-0.010358,0.022731,0.04386,0.161525,0.039886,-0.087639,-0.106122,-0.0145701,0.0203246,0.0322169,0.00576031,-0.149462,0.00436771,0.0374471,0.0447351,0.140427,0.0338805,-0.0787541,-0.091641
0.4712540320001608,-0.033412,0.014663,0.027822,-0.016379,-0.101174,-0.010358,0.022731,0.04386,0.161525,0.039886,-0.087639,-0.106122,-0.0145701,0.0203246,0.0322169,0.00576031,-0.149462,0.00436771,0.0374471,0.0447351,0.140427,0.0338805,-0.0787541,-0.091641
0.49119265700028336,-0.033412,0.014663,0.027822,-0.016379,-0.101174,-0.010358,0.022731,0.04386,0.161525,0.039886,-0.087639,-0.106122,-0.0145701,0.0203246,0.0322169,0.00576031,-0.149462,0.00436771,0.0374471,0.0447351,0.140427,0.0338805,-0.0787541,-0.091641
0.5107485010003074,-0.033412,0.014663,0.027822,-0.016379,-0.101174,-0.010358,0.022731,0.04386,0.161525,0.039886,-0.087639,-0.106122,-0.0149544,0.0207089,0.0318335,0.00576031,-0.149078,0.00475109,0.0366794,0.0447351,0.140427,0.0338805,-0.0787541,-0.091641
0.5311050520003846,-0.033412,0.014663,0.027822,-0.016379,-0.101174,-0.010358,0.022731,0.04386,0.161525,0.039886,-0.087639,-0.106122,-0.0149544,0.0207089,0.0318335,0.00576031,-0.149078,0.00475109,0.0366794,0.0447351,0.140427,0.0338805,-0.0787541,-0.091641
0.5508313420000377,-0.033412,0.014663,0.027822,-0.016379,-0.101174,-0.010358,0.022731,0.04386,0.161525,0.039886,-0.087639,-0.106122,-0.0145701,0.0203246,0.0314492,0.00537694,-0.14716,0.00551784,0.0343782,0.0443517,0.140427,0.0338805,-0.0787541,-0.091411
0.5710917260003043,-0.033412,0.014663,0.027822,-0.016379,-0.101174,-0.010358,0.022731,0.04386,0.161525,0.039886,-0.087639,-0.106122,-0.0145701,0.0203246,0.0314492,0.00537694,-0.14716,0.00551784,0.0343782,0.0443517,0.140427,0.0338805,-0.0787541,-0.091411
0.5913540820001799,-0.033412,0.014663,0.027822,-0.016379,-0.101174,-0.010358,0.022731,0.04386,0.161525,0.039886,-0.087639,-0.106122,-0.0145701,0.0203246,0.0314492,0.00537694,-0.14716,0.00551784,0.0343782,0.0443517,0.140427,0.0338805,-0.0787541,-0.091411
0.6108174129999497,-0.033412,0.014663,0.027822,-0.016379,-0.101174,-0.010358,0.022731,0.04386,0.161525,0.039886,-0.087639,-0.106122,-0.0149544,0.0199412,0.0314492,0.00537694,-0.145242,0.00628555,0.0305415,0.0424339,0.140427,0.0343404,-0.0789841,-0.091641
0.6314054950003083,-0.033412,0.014663,0.027822,-0.016379,-0.101174,-0.010358,0.022731,0.04386,0.161525,0.039886,-0.087639,-0.106122,-0.0149544,0.0199412,0.0314492,0.00537694,-0.145242,0.00628555,0.0305415,0.0424339,0.140427,0.0343404,-0.0789841,-0.091641
0.6513623140003801,-0.033412,0.014663,0.027822,-0.016379,-0.101174,-0.010358,0.022731,0.04386,0.161525,0.039886,-0.087639,-0.106122,-0.0145701,0.0195578,0.0314492,0.00499356,-0.143323,0.00743568,0.0290071,0.0408994,0.140427,0.034801,-0.0787541,-0.091641
0.671309926000049,-0.033412,0.014663,0.027822,-0.016379,-0.101174,-0.010358,0.022731,0.04386,0.161525,0.039886,-0.087639,-0.106122,-0.0145701,0.0195578,0.0314492,0.00499356,-0.143323,0.00743568,0.0290071,0.0408994,0.140427,0.034801,-0.0787541,-0.091641
0.6910520740002539,-0.033412,0.014663,0.027822,-0.016379,-0.101174,-0.010358,0.022731,0.04386,0.161525,0.039886,-0.087639,-0.106122,-0.0145701,0.0195578,0.0314492,0.00499356,-0.143323,0.00743568,0.0290071,0.0408994,0.140427,0.034801,-0.0787541,-0.091641
0.7112587890001123,-0.033412,0.014663,0.027822,-0.016379,-0.101174,-0.010358,0.022731,0.04386,0.161525,0.039886,-0.087639,-0.106122,-0.0145701,0.0195578,0.0314492,0.00499356,-0.142555,0.00820339,0.0286227,0.040516,0.140427,0.034801,-0.0789841,-0.091641
0.7317280000002029,-0.033412,0.014663,0.027822,-0.016379,-0.101174,-0.010358,0.022731,0.04386,0.161525,0.039886,-0.087639,-0.106122,-0.0145701,0.0195578,0.0314492,0.00499356,-0.142555,0.00820339,0.0286227,0.040516,0.140427,0.034801,-0.0789841,-0.091641
0.7511331230002725,-0.033412,0.014663,0.027822,-0.016379,-0.101174,-0.010358,0.022731,0.04386,0.161525,0.039886,-0.087639,-0.106122,-0.0141867,0.0195578,0.0314492,0.00499356,-0.14294,0.00820339,0.0290071,0.0408994,0.140197,0.0350309,-0.0787541,-0.091641
0.7715384050002285,-0.033412,0.014663,0.027822,-0.016379,-0.101174,-0.010358,0.022731,0.04386,0.161525,0.039886,-0.087639,-0.106122,-0.0141867,0.0195578,0.0314492,0.00499356,-0.14294,0.00820339,0.0290071,0.0408994,0.140197,0.0350309,-0.0787541,-0.091641
0.7913889159999599,-0.033412,0.014663,0.027822,-0.016379,-0.101174,-0.010358,0.022731,0.04386,0.161525,0.039886,-0.087639,-0.106122,-0.0141867,0.0195578,0.0314492,0.00499356,-0.14294,0.00820339,0.0290071,0.0408994,0.140197,0.0350309,-0.0787541,-0.091641
0.8108247459999802,-0.033412,0.014663,0.027822,-0.016379,-0.101174,-0.010358,0.022731,0.04386,0.161525,0.039886,-0.087639,-0.106122,-0.0141867,0.0199412,0.0310658,0.00499356,-0.14294,0.00782001,0.0290071,0.0412828,0.140197,0.034801,-0.0787541,-0.091641
0.8308072120003089,-0.033412,0.014663,0.027822,-0.016379,-0.101174,-0.010358,0.022731,0.04386,0.161525,0.039886,-0.087639,-0.106122,-0.0141867,0.0199412,0.0310658,0.00499356,-0.14294,0.00782001,0.0290071,0.0412828,0.140197,0.034801,-0.0787541,-0.091641
0.8515164499999628,-0.033412,0.014663,0.027822,-0.016379,-0.101174,-0.010358,0.022731,0.04386,0.161525,0.039886,-0.087639,-0.106122,-0.0141867,0.0203246,0.0306824,0.00499356,-0.14294,0.00782001,0.0290071,0.0408994,0.140197,0.034801,-0.0787541,-0.091641
0.8708400210002765,-0.033412,0.014663,0.027822,-0.016379,-0.101174,-0.010358,0.022731,0.04386,0.161525,0.039886,-0.087639,-0.106122,-0.0141867,0.0203246,0.0306824,0.00499356,-0.14294,0.00782001,0.0290071,0.0408994,0.140197,0.034801,-0.0787541,-0.091641
0.891507902000285,-0.033412,0.014663,0.027822,-0.016379,-0.101174,-0.010358,0.022731,0.04386,0.161525,0.039886,-0.087639,-0.106122,-0.0141867,0.0203246,0.0306824,0.00499356,-0.14294,0.00782001,0.0290071,0.0408994,0.140197,0.034801,-0.0787541,-0.091641
0.9117123610003546,-0.033412,0.014663,0.027822,-0.016379,-0.101174,-0.010358,0.022731,0.04386,0.161525,0.039886,-0.087639,-0.106122,-0.0141867,0.0203246,0.0306824,0.00499356,-0.14294,0.00782001,0.0290071,0.0408994,0.140197,0.034801,-0.0787541,-0.091641
0.9311608040002284,-0.033412,0.014663,0.027822,-0.016379,-0.101174,-0.010358,0.022731,0.04386,0.161525,0.039886,-0.087639,-0.106122,-0.0141867,0.0203246,0.0306824,0.00499356,-0.14294,0.00782001,0.0290071,0.0408994,0.140197,0.034801,-0.0787541,-0.091641
0.9511909990001186,-0.033412,0.014663,0.027822,-0.016379,-0.101174,-0.010358,0.022731,0.04386,0.161525,0.039886,-0.087639,-0.106122,-0.0141867,0.0203246,0.0306824,0.00499356,-0.142172,0.00820339,0.0282394,0.040516,0.139966,0.0350309,-0.0787541,-0.091871
0.9708541110003353,-0.033412,0.014663,0.027822,-0.016379,-0.101174,-0.010358,0.022731,0.04386,0.161525,0.039886,-0.087639,-0.106122,-0.0141867,0.0207089,0.0306824,0.00461018,-0.141405,0.00820339,0.0274726,0.0401326,0.139966,0.0352609,-0.0787541,-0.091871
0.9910535910003091,-0.033412,0.014663,0.027822,-0.016379,-0.101174,-0.010358,0.022731,0.04386,0.161525,0.039886,-0.087639,-0.106122,-0.0141867,0.0207089,0.0306824,0.00461018,-0.141405,0.00820339,0.0274726,0.0401326,0.139966,0.0352609,-0.0787541,-0.091871
1.0111960450003608,-0.033412,0.014663,0.027822,-0.016379,-0.101174,-0.010358,0.022731,0.04386,0.161525,0.039886,-0.087639,-0.106122,-0.0138034,0.0203246,0.0306824,0.00422585,-0.140638,0.00858676,0.0270883,0.0401326,0.140197,0.0354909,-0.0787541,-0.091871
1.0312888460002796,-0.033412,0.014663,0.027822,-0.016379,-0.101174,-0.010358,0.022731,0.04386,0.161525,0.039886,-0.087639,-0.106122,-0.0138034,0.0203246,0.0306824,0.00422585,-0.140638,0.00858676,0.0270883,0.0401326,0.140197,0.0354909,-0.0787541,-0.091871
1.0511131990001559,-0.033412,0.014663,0.027822,-0.016379,-0.101174,-0.010358,0.022731,0.04386,0.161525,0.039886,-0.087639,-0.106122,-0.0138034,0.0207089,0.0306824,0.00384247,-0.139871,0.00858676,0.0263215,0.0393649,0.140197,0.0357215,-0.0787541,-0.0921015
1.0715221980003662,-0.033412,0.014663,0.027822,-0.016379,-0.101174,-0.010358,0.022731,0.04386,0.161525,0.039886,-0.087639,-0.106122,-0.0138034,0.0207089,0.0306824,0.00384247,-0.139871,0.00858676,0.0263215,0.0393649,0.140197,0.0357215,-0.0787541,-0.0921015
1.0911494340002719,-0.033412,0.014663,0.027822,-0.016379,-0.101174,-0.010358,0.022731,0.04386,0.161525,0.039886,-0.087639,-0.106122,-0.0138034,0.0207089,0.0306824,0.00384247,-0.139871,0.00858676,0.0263215,0.0393649,0.140197,0.0357215,-0.0787541,-0.0921015
1.1116264490001413,-0.033412,0.014663,0.027822,-0.016379,-0.101174,-0.010358,0.022731,0.04386,0.161525,0.039886,-0.087639,-0.106122,-0.0138034,0.0207089,0.0306824,0.0034591,-0.13872,0.00858676,0.0259382,0.0389816,0.139966,0.0359514,-0.0785235,-0.0923315
1.1312903430002734,-0.033412,0.014663,0.027822,-0.016379,-0.101174,-0.010358,0.022731,0.04386,0.161525,0.039886,-0.087639,-0.106122,-0.0138034,0.0207089,0.0306824,0.0034591,-0.13872,0.00858676,0.0259382,0.0389816,0.139966,0.0359514,-0.0785235,-0.0923315
1.1509447690000343,-0.033412,0.014663,0.027822,-0.016379,-0.101174,-0.010358,0.022731,0.04386,0.161525,0.039886,-0.087639,-0.106122,-0.0138034,0.0207089,0.0306824,0.0034591,-0.138336,0.00858676,0.0259382,0.0385982,0.139966,0.0359514,-0.0785235,-0.0925615
1.1712699630002135,-0.033412,0.014663,0.027822,-0.016379,-0.101174,-0.010358,0.022731,0.04386,0.161525,0.039886,-0.087639,-0.106122,-0.0138034,0.0207089,0.0306824,0.0034591,-0.138336,0.00858676,0.0259382,0.0385982,0.139966,0.0359514,-0.0785235,-0.0925615
1.1915138260001186,-0.00983,-0.027724,-0.012868,0.028003,-0.051076,0.001908,0.036291,0.035877,0.024366,-0.01318,0.038249,-0.012719,-0.0138034,0.0207089,0.0306824,0.0034591,-0.138336,0.00858676,0.0259382,0.0385982,0.139966,0.0359514,-0.0785235,-0.0925615
1.2108172590001232,0.000694,-0.005569,0.002611,-0.009567,-0.043252,0.016887,0.005534,0.017765,0.136851,0.01397,-0.069343,-0.1119,-0.0138034,0.0210923,0.0306824,0.0034591,-0.137953,0.00897014,0.0255538,0.0385982,0.140197,0.0359514,-0.0785235,-0.0925615
1.231221990999984,-0.115879,-0.011955,-0.001953,-0.146333,-0.226112,-0.038563,0.049717,0.057919,0.343882,0.018321,-0.197524,-0.36851,-0.0138034,0.0210923,0.0306824,0.0034591,-0.137953,0.00897014,0.0255538,0.0385982,0.140197,0.0359514,-0.0785235,-0.0925615
1.251120911000271,-0.128043,0.004406,0.037333,-0.047572,-0.215723,-0.078427,0.031037,-0.006062,0.355093,0.033864,-0.282068,-0.316367,-0.0138034,0.0210923,0.0306824,0.0034591,-0.137953,0.00897014,0.0255538,0.0385982,0.140197,0.0359514,-0.0785235,-0.0925615
1.270828196000366,-0.033397,-0.021175,0.029002,0.008953,-0.195371,-0.047326,0.025282,0.031239,0.204757,0.00531,-0.137622,-0.145406,-0.00958335,-0.00537694,0.00344646,0.00422585,-0.0631486,0.00743568,0.0232526,0.0301572,0.0686286,0.00120325,-0.00948711,-0.0509099
1.290919815000052,-0.017864,-0.02836,-0.002762,-0.011502,-0.129844,0.00653,0.010048,0.007373,0.130388,-0.006873,-0.057668,-0.12102,-0.00958335,-0.00537694,0.00344646,0.00422585,-0.0631486,0.00743568,0.0232526,0.0301572,0.0686286,0.00120325,-0.00948711,-0.0509099
1.3113498740003706,-0.029056,-0.017706,0.002649,-0.00717,-0.13502,-0.00775,0.011411,0.027862,0.158621,0.017725,-0.101386,-0.127358,-0.0398892,-0.00998032,0.000377536,-0.00689876,-0.115704,-0.0313092,0.0255538,0.0190326,0.287014,0.023755,-0.24168,-0.269064
1.3315432620001957,-0.032774,-0.01652,0.018447,-0.00573,-0.121976,-0.022604,0.00799,0.04074,0.163445,0.048848,-0.144158,-0.154089,-0.0398892,-0.00998032,0.000377536,-0.00689876,-0.115704,-0.0313092,0.0255538,0.0190326,0.287014,0.023755,-0.24168,-0.269064
1.3508961080001427,-0.043858,-0.010724,0.011828,0.002478,-0.100763,-0.013044,0.0121,0.069589,0.166831,0.039714,-0.143026,-0.15549,-0.0329846,-0.0145837,0.0184067,-0.00613105,-0.164422,-0.032076,0.0167314,0.032076,0.167121,0.0159311,-0.105448,-0.128691
1.3712453860002825,-0.041058,0.001319,0.01492,0.000928,-0.104695,-0.03033,0.013472,0.039096,0.180622,0.057056,-0.161518,-0.13469,-0.0329846,-0.0145837,0.0184067,-0.00613105,-0.164422,-0.032076,0.0167314,0.032076,0.167121,0.0159311,-0.105448,-0.128691
1.3915032050003902,-0.031911,0.008257,0.008233,-0.003895,-0.065322,-0.027026,0.008924,0.029515,0.146927,0.05631,-0.156212,-0.124613,-0.0329846,-0.0145837,0.0184067,-0.00613105,-0.164422,-0.032076,0.0167314,0.032076,0.167121,0.0159311,-0.105448,-0.128691
1.410759631000019,-0.033533,-0.003272,0.002957,-0.007866,-0.068399,-0.007625,0.010236,0.055009,0.157396,0.045302,-0.139283,-0.1396,-0.0349025,-0.0161172,0.00689876,-0.00382984,-0.114553,-0.0144292,0.00368893,0.0501062,0.152853,0.0375624,-0.117644,-0.152623
1.4309258790003696,-0.031539,-0.007179,0.011769,0.001105,-0.095535,-0.026208,0.016511,0.066252,0.171206,0.061409,-0.161274,-0.155126,-0.0349025,-0.0161172,0.00689876,-0.00382984,-0.114553,-0.0144292,0.00368893,0.0501062,0.152853,0.0375624,-0.117644,-0.152623
1.451401141000133,-0.026545,-0.002903,0.014147,0.000239,-0.115665,-0.034173,0.015937,0.05502,0.186551,0.072647,-0.174624,-0.14866,-0.0398892,-0.0230237,-0.000773549,-0.00728214,-0.10688,-0.00867569,0.00599015,0.0305415,0.138816,0.0304285,-0.115343,-0.12685
1.4716175930002464,-0.021391,-0.005834,0.009561,-0.003979,-0.105714,-0.025666,0.007956,0.045248,0.181833,0.063598,-0.158146,-0.139098,-0.0398892,-0.0230237,-0.000773549,-0.00728214,-0.10688,-0.00867569,0.00599015,0.0305415,0.138816,0.0304285,-0.115343,-0.12685
1.490896731000248,-0.020748,-0.008063,0.006721,-0.006508,-0.098692,-0.020497,0.007544,0.048887,0.178004,0.056705,-0.145357,-0.138405,-0.0398892,-0.0230237,-0.000773549,-0.00728214,-0.10688,-0.00867569,0.00599015,0.0305415,0.138816,0.0304285,-0.115343,-0.12685
1.5113011920002464,-0.023543,-0.008577,0.008538,-0.007122,-0.10962,-0.026003,0.013512,0.055906,0.178674,0.057913,-0.149091,-0.139074,-0.0337514,-0.0211059,-0.0015403,-0.00804889,-0.126444,-0.0389816,0.0305415,0.0535585,0.160447,0.0446964,-0.135594,-0.139736
1.5313537490001181,-0.023617,-0.007419,0.009277,-0.006539,-0.107652,-0.026943,0.014062,0.053611,0.18113,0.061001,-0.154836,-0.140925,-0.0337514,-0.0211059,-0.0015403,-0.00804889,-0.126444,-0.0389816,0.0305415,0.0535585,0.160447,0.0446964,-0.135594,-0.139736
1.551670968000053,-0.025484,-0.005626,0.008473,-0.004154,-0.103436,-0.025844,0.014205,0.055857,0.178437,0.057378,-0.15309,-0.139621,-0.0337514,-0.0211059,-0.0015403,-0.00804889,-0.126444,-0.0389816,0.0305415,0.0535585,0.160447,0.0446964,-0.135594,-0.139736
1.5710937630001354,-0.027063,-0.005247,0.006885,-0.004509,-0.102709,-0.025342,0.01428,0.055607,0.176428,0.056957,-0.153225,-0.139254,-0.0299157,-0.0188037,-0.00269139,-0.00728214,-0.123375,-0.0374471,0.0336095,0.0554763,0.167581,0.0423955,-0.136285,-0.136515
1.591228923000017,-0.028371,-0.005701,0.00617,-0.005465,-0.1008,-0.023436,0.014458,0.056758,0.175655,0.055253,-0.151826,-0.138756,-0.0299157,-0.0188037,-0.00269139,-0.00728214,-0.123375,-0.0374471,0.0336095,0.0554763,0.167581,0.0423955,-0.136285,-0.136515
1.611673699000221,-0.02996,-0.0069,0.00708,-0.004438,-0.10261,-0.023361,0.015808,0.059346,0.176107,0.052678,-0.153331,-0.139358,-0.0299157,-0.013816,-0.00499356,-0.0053643,-0.116087,-0.0328437,0.0316917,0.0570108,0.164819,0.0417049,-0.134904,-0.136285
1.630786057000023,-0.030612,-0.006348,0.008351,-0.002796,-0.107208,-0.026508,0.017951,0.061606,0.176985,0.054149,-0.156574,-0.139911,-0.0299157,-0.013816,-0.00499356,-0.0053643,-0.116087,-0.0328437,0.0316917,0.0570108,0.164819,0.0417049,-0.134904,-0.136285
1.650919604000137,-0.030255,-0.005828,0.007777,-0.002391,-0.106833,-0.025725,0.01687,0.060987,0.177656,0.05489,-0.15602,-0.139881,-0.0299157,-0.0118982,-0.00230801,-0.00689876,-0.108798,-0.0270892,0.0247871,0.0566274,0.164819,0.0430854,-0.134904,-0.136515
1.6712962040001003,-0.029509,-0.006104,0.007031,-0.00261,-0.103933,-0.022683,0.015204,0.060739,0.178028,0.05266,-0.151413,-0.138484,-0.0299157,-0.0118982,-0.00230801,-0.00689876,-0.108798,-0.0270892,0.0247871,0.0566274,0.164819,0.0430854,-0.134904,-0.136515
1.6907077979999485,-0.029826,-0.006569,0.007465,-0.002716,-0.1041,-0.021927,0.016176,0.062138,0.177877,0.051036,-0.149928,-0.138137,-0.0299157,-0.0118982,-0.00230801,-0.00689876,-0.108798,-0.0270892,0.0247871,0.0566274,0.164819,0.0430854,-0.134904,-0.136515
1.7108920190003118,-0.029971,-0.006359,0.00862,-0.002201,-0.107009,-0.023456,0.017871,0.063316,0.177586,0.05198,-0.151226,-0.137564,-0.0299157,-0.0122815,0.000760913,-0.00613105,-0.104962,-0.024788,0.0182658,0.0554763,0.165049,0.0453869,-0.136054,-0.137895
1.7314047120003124,-0.029703,-0.006028,0.009031,-0.001824,-0.107159,-0.023808,0.018075,0.063084,0.177551,0.052983,-0.152287,-0.137459,-0.0299157,-0.0122815,0.000760913,-0.00613105,-0.104962,-0.024788,0.0182658,0.0554763,0.165049,0.0453869,-0.136054,-0.137895
1.7514731680003024,-0.029722,-0.005851,0.009086,-0.00155,-0.10641,-0.023608,0.017977,0.06301,0.177008,0.052885,-0.152062,-0.137243,-0.0295323,-0.0122815,0.000377536,-0.00651443,-0.100359,-0.0240203,0.00905907,0.0577785,0.16528,0.0453869,-0.135134,-0.137435
1.7715076610002143,-0.029793,-0.005626,0.009195,-0.001669,-0.105619,-0.02364,0.017782,0.062745,0.17687,0.053375,-0.152256,-0.137587,-0.0295323,-0.0122815,0.000377536,-0.00651443,-0.100359,-0.0240203,0.00905907,0.0577785,0.16528,0.0453869,-0.135134,-0.137435
1.7914284720000069,-0.029844,-0.005559,0.009321,-0.001879,-0.105199,-0.023675,0.017642,0.062459,0.176855,0.053821,-0.152716,-0.1378,-0.0295323,-0.0122815,0.000377536,-0.00651443,-0.100359,-0.0240203,0.00905907,0.0577785,0.16528,0.0453869,-0.135134,-0.137435
1.8111314390002917,-0.030077,-0.00549,0.009492,-0.001877,-0.105218,-0.023701,0.017857,0.062659,0.176791,0.05388,-0.152784,-0.137889,-0.0295323,-0.0134326,-0.000390172,-0.00651443,-0.0972902,-0.0240203,0.00215447,0.0593129,0.16551,0.0472279,-0.135364,-0.137435
1.831403543000306,-0.030078,-0.005301,0.009745,-0.001788,-0.105323,-0.0241,0.018045,0.062691,0.176474,0.054348,-0.153096,-0.137969,-0.0295323,-0.0134326,-0.000390172,-0.00651443,-0.0972902,-0.0240203,0.00215447,0.0593129,0.16551,0.0472279,-0.135364,-0.137435
1.8507184080003753,-0.030046,-0.005109,0.009729,-0.001815,-0.104635,-0.024051,0.017863,0.06248,0.176022,0.054538,-0.152988,-0.137975,-0.0295323,-0.0141994,-0.0015403,-0.00689876,-0.0965234,-0.0240203,-0.0001477,0.0589286,0.16528,0.0479178,-0.135594,-0.137435
1.8709281169999485,-0.030182,-0.005078,0.009659,-0.001859,-0.104018,-0.023815,0.01772,0.06234,0.175709,0.054408,-0.152978,-0.138013,-0.0295323,-0.0141994,-0.0015403,-0.00689876,-0.0965234,-0.0240203,-0.0001477,0.0589286,0.16528,0.0479178,-0.135594,-0.137435
1.891202536000037,-0.030391,-0.00498,0.009849,-0.001768,-0.10412,-0.023962,0.01807,0.062551,0.175511,0.054408,-0.153341,-0.138063,-0.0295323,-0.0141994,-0.0015403,-0.00689876,-0.0965234,-0.0240203,-0.0001477,0.0589286,0.16528,0.0479178,-0.135594,-0.137435
1.911242890000267,-0.030492,-0.0048,0.010076,-0.001632,-0.104382,-0.024216,0.018441,0.062742,0.175359,0.054631,-0.153763,-0.138101,-0.0299157,-0.0141994,-0.0015403,-0.00689876,-0.0984412,-0.0240203,0.00330555,0.0596963,0.16528,0.0476879,-0.135594,-0.137435
1.9309640599999511,-0.030337,-0.004474,0.010406,-0.001457,-0.104656,-0.024473,0.018656,0.062753,0.175877,0.055163,-0.154609,-0.138182,-0.0299157,-0.0141994,-0.0015403,-0.00689876,-0.0984412,-0.0240203,0.00330555,0.0596963,0.16528,0.0476879,-0.135594,-0.137435
1.9509923120003805,-0.030457,-0.004221,0.010411,-0.001301,-0.103934,-0.024367,0.018515,0.062798,0.175793,0.05531,-0.154906,-0.138496,-0.0299157,-0.0141994,-0.0015403,-0.00689876,-0.10266,-0.024788,0.00982678,0.0631486,0.16528,0.0474579,-0.135364,-0.137435
1.971479545999955,-0.030571,-0.004083,0.010412,-0.00123,-0.103256,-0.02427,0.018527,0.062839,0.175438,0.055393,-0.154822,-0.138828,-0.0299157,-0.0141994,-0.0015403,-0.00689876,-0.10266,-0.024788,0.00982678,0.0631486,0.16528,0.0474579,-0.135364,-0.137435
1.9915965230002257,-0.030686,-0.004068,0.010354,-0.001319,-0.102823,-0.024204,0.018521,0.062855,0.175218,0.055376,-0.154663,-0.139101,-0.0299157,-0.0141994,-0.0015403,-0.00689876,-0.10266,-0.024788,0.00982678,0.0631486,0.16528,0.0474579,-0.135364,-0.137435
2.0108740680002484,-0.030833,-0.003981,0.010369,-0.001407,-0.102799,-0.024296,0.018628,0.062888,0.175108,0.055325,-0.154482,-0.13905,-0.0302991,-0.013816,-0.0015403,-0.00651443,-0.104195,-0.0255548,0.0151969,0.0662175,0.16528,0.0469973,-0.135594,-0.137435
2.0311373869999443,-0.030956,-0.003849,0.010548,-0.001421,-0.102866,-0.024503,0.018816,0.06306,0.175078,0.055395,-0.154586,-0.139108,-0.0302991,-0.013816,-0.0015403,-0.00651443,-0.104195,-0.0255548,0.0151969,0.0662175,0.16528,0.0469973,-0.135594,-0.137435
2.0514613680002185,-0.031092,-0.00377,0.010641,-0.001395,-0.102764,-0.0246,0.018988,0.063109,0.174916,0.05541,-0.154785,-0.139154,-0.0306834,-0.013816,-0.00230801,-0.00651443,-0.105729,-0.0267059,0.0178825,0.067752,0.165049,0.0460769,-0.135824,-0.137435
2.0715908470001523,-0.031243,-0.00369,0.010726,-0.001373,-0.102839,-0.024685,0.019159,0.063201,0.174903,0.055407,-0.154852,-0.139103,-0.0306834,-0.013816,-0.00230801,-0.00651443,-0.105729,-0.0267059,0.0178825,0.067752,0.165049,0.0460769,-0.135824,-0.137435
2.0908430260001296,-0.031243,-0.003661,0.010876,-0.001413,-0.102967,-0.024907,0.01929,0.063152,0.174934,0.055529,-0.155041,-0.139042,-0.0306834,-0.013816,-0.00230801,-0.00651443,-0.105729,-0.0267059,0.0178825,0.067752,0.165049,0.0460769,-0.135824,-0.137435
2.111284175000037,-0.031337,-0.00363,0.011015,-0.001415,-0.10307,-0.025018,0.019484,0.063353,0.174844,0.0555,-0.155061,-0.138985,-0.0314502,-0.013816,-0.00307477,-0.00651443,-0.106497,-0.0286237,0.0186492,0.0681354,0.165049,0.0460769,-0.135824,-0.137665
2.1315124780003316,-0.031405,-0.003566,0.011141,-0.001422,-0.103247,-0.025139,0.019613,0.063469,0.174932,0.055582,-0.155178,-0.138981,-0.0314502,-0.013816,-0.00307477,-0.00651443,-0.106497,-0.0286237,0.0186492,0.0681354,0.165049,0.0460769,-0.135824,-0.137665
2.1513555149999775,-0.01903,0.004459,-0.021106,-0.013557,0.025634,0.038387,-0.069871,-0.021628,0.261332,0.096688,-0.203133,-0.271269,-0.0310668,-0.013816,-0.00307477,-0.00689876,-0.106114,-0.0282403,0.0171148,0.0673686,0.165049,0.0463074,-0.136054,-0.137435
2.1711600100002215,-0.028382,0.011699,-0.041918,-0.021284,0.104494,0.062912,-0.127049,-0.128954,0.307602,0.111847,-0.173432,-0.444327,-0.0310668,-0.013816,-0.00307477,-0.00689876,-0.106114,-0.0282403,0.0171148,0.0673686,0.165049,0.0463074,-0.136054,-0.137435
2.1907658560003256,-0.073533,0.010242,-0.054173,-0.057627,0.143464,0.061401,-0.13333,-0.24542,0.363119,0.061759,-0.054312,-0.619837,-0.0310668,-0.013816,-0.00307477,-0.00689876,-0.106114,-0.0282403,0.0171148,0.0673686,0.165049,0.0463074,-0.136054,-0.137435
2.21151273400028,-0.142386,0.002817,-0.054694,-0.096001,0.12322,0.042674,-0.089852,-0.315216,0.431868,-0.045432,0.077845,-0.747058,-0.0276135,-0.0149671,-0.018036,-0.00382984,-0.0462695,0.00743568,-0.0174092,0.0270883,0.24145,0.0706996,-0.161137,-0.251575
2.2309574200003226,-0.202294,-0.006368,-0.044993,-0.110075,0.074707,0.020556,-0.052164,-0.304684,0.492543,-0.16264,0.179751,-0.804114,-0.0276135,-0.0149671,-0.018036,-0.00382984,-0.0462695,0.00743568,-0.0174092,0.0270883,0.24145,0.0706996,-0.161137,-0.251575
2.2511893800001417,-0.232561,-0.016339,-0.031027,-0.111813,0.010844,-0.008471,-0.022772,-0.214221,0.54773,-0.247721,0.244207,-0.803768,-0.128887,0.00613105,-0.0548631,-0.0713452,0.104873,0.0611418,-0.12367,-0.254482,0.353519,-0.0494233,0.0356165,-0.347305
2.2714762620003057,-0.22912,-0.033107,-0.038417,-0.118599,-0.041305,-0.012875,-0.007456,-0.099681,0.62078,-0.301868,0.304142,-0.819372,-0.128887,0.00613105,-0.0548631,-0.0713452,0.104873,0.0611418,-0.12367,-0.254482,0.353519,-0.0494233,0.0356165,-0.347305
2.2908177870003783,-0.204541,-0.045273,-0.050916,-0.124026,-0.09411,-0.02604,0.035258,0.002945,0.668396,-0.287404,0.336908,-0.794013,-0.128887,0.00613105,-0.0548631,-0.0713452,0.104873,0.0611418,-0.12367,-0.254482,0.353519,-0.0494233,0.0356165,-0.347305
2.3107878200003142,-0.179083,-0.053113,-0.047642,-0.100176,-0.114144,-0.057108,0.091382,0.096895,0.697906,-0.228205,0.292616,-0.73408,-0.176839,0.001912,-0.0402862,-0.0935954,0.0922135,-0.0240203,0.00483906,-0.244124,0.354209,-0.239273,0.242955,-0.358121
2.3311777339999935,-0.066585,-0.010996,0.01012,0.003426,-0.01463,-0.141228,0.193178,0.032054,0.518832,-0.116107,0.152238,-0.341364,-0.176839,0.001912,-0.0402862,-0.0935954,0.0922135,-0.0240203,0.00483906,-0.244124,0.354209,-0.239273,0.242955,-0.358121
2.3516416150000623,0.015902,0.046399,0.057015,0.096203,0.088637,-0.101393,0.207751,-0.129945,0.314303,-0.005251,-0.009902,0.006369,-0.176839,0.001912,-0.0402862,-0.0935954,0.0922135,-0.0240203,0.00483906,-0.244124,0.354209,-0.239273,0.242955,-0.358121
2.370696016000238,-0.014267,0.065514,0.036943,0.012076,0.083961,0.051173,0.135943,-0.104253,0.368221,0.142102,-0.09336,0.131864,-0.166482,-0.0318462,-0.0349151,-0.0713452,0.0135735,-0.0704366,0.0926858,0.0151969,0.333498,-0.25262,0.306929,-0.363874
2.3911461810002947,-0.063348,0.059676,0.134101,-0.022817,0.036595,0.070507,0.084073,-0.01879,0.489208,0.277475,-0.131398,0.327515,-0.166482,-0.0318462,-0.0349151,-0.0713452,0.0135735,-0.0704366,0.0926858,0.0151969,0.333498,-0.25262,0.306929,-0.363874
2.411287693000304,-0.045665,0.105577,0.13121,0.004,0.198338,0.035723,0.08251,-0.004733,0.435453,0.386423,-0.219402,0.415983,-0.0655907,0.0233935,0.0138034,-0.0126523,0.00321662,-0.040516,0.172094,-0.0312203,0.360652,0.0423955,0.00961212,-0.084737
2.431467927000085,0.042044,0.166111,0.146954,0.056564,0.43745,0.111074,0.041339,-0.013846,0.005554,0.590943,-0.357397,0.441764,-0.0655907,0.0233935,0.0138034,-0.0126523,0.00321662,-0.040516,0.172094,-0.0312203,0.360652,0.0423955,0.00961212,-0.084737
2.45075712400012,0.033556,0.190607,0.237764,0.058296,0.210983,0.092937,0.101125,0.067187,-0.15984,0.625124,-0.651916,0.484453,-0.0655907,0.0233935,0.0138034,-0.0126523,0.00321662,-0.040516,0.172094,-0.0312203,0.360652,0.0423955,0.00961212,-0.084737
2.471187984000153,0.04566,0.358152,0.292922,0.111941,0.142664,0.072204,0.149932,0.157881,-0.275636,0.80162,-0.912784,0.455583,-0.0168723,0.11431,0.128887,0.00422585,0.154743,0.0883778,0.104579,-0.0116557,0.358581,0.359042,-0.173334,0.408182
2.4913039690000005,0.085497,0.391928,0.274754,0.093233,0.098366,-0.048402,0.144551,0.200875,-0.299269,0.897904,-0.834029,0.370411,-0.0168723,0.11431,0.128887,0.00422585,0.154743,0.0883778,0.104579,-0.0116557,0.358581,0.359042,-0.173334,0.408182
2.511171972000284,0.069334,0.271561,0.200727,0.089287,-0.010305,-0.13516,0.099721,0.24084,-0.312291,0.82627,-0.584971,0.249485,0.0214883,0.29384,0.263151,0.0890037,0.212285,0.0807055,0.119923,0.153297,-0.13733,0.361803,-0.350297,0.46065
2.530778780000219,-0.072537,0.012633,-0.001956,0.027043,-0.200243,0.299131,-0.246172,0.392587,-0.159992,0.252272,-0.112361,0.075507,0.0214883,0.29384,0.263151,0.0890037,0.212285,0.0807055,0.119923,0.153297,-0.13733,0.361803,-0.350297,0.46065
2.5509830480000346,-0.030161,0.044097,-0.097606,-0.015834,-0.082921,0.320603,-0.212147,0.29245,0.008052,-0.052319,0.071025,-0.020164,0.0214883,0.29384,0.263151,0.0890037,0.212285,0.0807055,0.119923,0.153297,-0.13733,0.361803,-0.350297,0.46065
2.5713399010001012,-0.032279,0.098204,-0.024537,-0.052658,0.086714,0.183593,-0.224086,0.103583,0.152353,-0.170815,0.169224,-0.083407,0.0801812,0.361357,0.312637,0.0962936,-0.000235677,-0.0198013,0.113018,0.232322,-0.324878,0.361343,-0.342473,0.275402
2.5907869410002604,-0.076704,-0.002577,0.002234,-0.086644,-0.131458,0.091895,-0.140643,0.161412,0.29831,-0.21842,0.275517,-0.149437,0.0801812,0.361357,0.312637,0.0962936,-0.000235677,-0.0198013,0.113018,0.232322,-0.324878,0.361343,-0.342473,0.275402
2.6109671850003906,-0.119122,0.005389,0.004283,-0.149055,-0.165539,0.014951,-0.091803,0.150179,0.403913,-0.305808,0.408869,-0.262144,-0.0349025,0.0563849,0.0322169,-0.00689876,-0.067752,0.226094,-0.161264,0.248433,0.0688586,0.00649623,0.079569,-0.0499888
2.631288951999977,-0.119192,0.003439,-0.044148,-0.317843,-0.155019,-0.0165,-0.017992,0.136798,0.590553,-0.334941,0.49513,-0.447857,-0.0349025,0.0563849,0.0322169,-0.00689876,-0.067752,0.226094,-0.161264,0.248433,0.0688586,0.00649623,0.079569,-0.0499888
2.651357508000274,-0.259983,-0.000717,-0.100362,-0.466548,-0.233531,-0.015691,0.048528,0.145144,0.703528,-0.338038,0.498833,-0.603913,-0.0349025,0.0563849,0.0322169,-0.00689876,-0.067752,0.226094,-0.161264,0.248433,0.0688586,0.00649623,0.079569,-0.0499888
2.6716200150003715,-0.315129,-0.083875,-0.085009,-0.358315,-0.395397,-0.073815,0.167288,0.211591,0.738681,-0.298601,0.408327,-0.634638,-0.0955132,0.0153378,-0.0448886,-0.203308,-0.0900022,0.0791711,-0.145152,0.11647,0.3167,-0.301636,0.450755,-0.295298
2.691031349000241,-0.255363,-0.109339,-0.051851,-0.240003,-0.394929,-0.165095,0.26589,0.211151,0.746387,-0.22792,0.291298,-0.662514,-0.0955132,0.0153378,-0.0448886,-0.203308,-0.0900022,0.0791711,-0.145152,0.11647,0.3167,-0.301636,0.450755,-0.295298
2.7113358540000263,-0.029484,0.008052,0.049035,0.011067,0.055782,-0.312234,0.314179,-0.080669,0.218983,-0.092932,0.157603,-0.197528,-0.22057,-0.000390172,-0.0606166,-0.383989,-0.171711,-0.0884677,0.109566,0.171328,0.334879,-0.336384,0.456277,-0.349836
2.7314960200001224,0.056653,0.066496,-0.021425,-0.011559,0.227013,-0.184596,0.123394,-0.153567,0.032647,0.035437,0.030018,0.062026,-0.22057,-0.000390172,-0.0606166,-0.383989,-0.171711,-0.0884677,0.109566,0.171328,0.334879,-0.336384,0.456277,-0.349836
2.751387066999996,-0.021979,0.069068,-0.006416,-0.056087,0.239935,-0.158658,0.140354,-0.070193,-0.012733,0.111169,-0.0702,0.218129,-0.22057,-0.000390172,-0.0606166,-0.383989,-0.171711,-0.0884677,0.109566,0.171328,0.334879,-0.336384,0.456277,-0.349836
2.7712509719999616,-0.040883,0.089627,0.056856,-0.038862,0.264032,-0.158783,0.159799,-0.022619,-0.053528,0.159325,-0.213438,0.316847,-0.160344,-0.0341483,-0.0195714,-0.192567,-0.190891,-0.183219,0.25342,0.0247871,0.201869,-0.146765,0.167936,-0.186681
2.790784003000226,-0.036965,0.143316,0.097308,0.024655,0.35196,-0.149253,0.196383,-0.006229,-0.137754,0.246048,-0.463442,0.404333,-0.160344,-0.0341483,-0.0195714,-0.192567,-0.190891,-0.183219,0.25342,0.0247871,0.201869,-0.146765,0.167936,-0.186681
2.8111971299999823,0.030443,0.219241,0.059609,0.032914,0.263343,-0.152007,0.136631,0.064896,-0.19667,0.42912,-0.372138,0.412687,0.06522,0.144615,0.053316,0.0441219,0.36688,-0.226567,0.195495,-0.106025,-0.0839415,0.141347,-0.224881,0.320736
2.8309235400001853,0.080843,0.336084,0.152108,0.033905,0.258918,-0.12332,0.145679,0.143879,-0.332219,0.639522,-0.479484,0.410886,0.06522,0.144615,0.053316,0.0441219,0.36688,-0.226567,0.195495,-0.106025,-0.0839415,0.141347,-0.224881,0.320736
2.851211734000117,0.067348,0.379492,0.27622,0.090364,0.173386,-0.116666,0.273162,0.197059,-0.406639,0.780893,-0.700678,0.387348,0.06522,0.144615,0.053316,0.0441219,0.36688,-0.226567,0.195495,-0.106025,-0.0839415,0.141347,-0.224881,0.320736
2.870861250999951,0.041442,0.332534,0.277831,0.119526,0.050257,-0.189531,0.368893,0.233367,-0.430821,0.74741,-0.671231,0.299089,0.0034591,0.222105,0.0759486,0.0115148,0.28939,-0.118005,0.181685,0.114553,-0.230299,0.350527,-0.325444,0.418077
2.891436650000287,-0.025965,0.139112,0.116615,0.079158,-0.094746,-0.070843,0.136326,0.275015,-0.327727,0.516642,-0.414936,0.175858,0.0034591,0.222105,0.0759486,0.0115148,0.28939,-0.118005,0.181685,0.114553,-0.230299,0.350527,-0.325444,0.418077
2.911478537000221,-0.056235,0.005306,-0.123336,-0.04256,-0.222857,0.257247,-0.342166,0.395186,-0.129292,0.021532,0.045105,0.06465,0.0571643,0.298828,0.239367,0.0698234,0.142851,-0.0800267,0.221196,0.229253,-0.383099,0.364104,-0.341552,0.329251
2.931471151000096,-0.008662,0.076865,-0.068069,-0.020256,0.000821,0.1798,-0.259363,0.232248,0.017771,-0.163955,0.154453,0.005505,0.0571643,0.298828,0.239367,0.0698234,0.142851,-0.0800267,0.221196,0.229253,-0.383099,0.364104,-0.341552,0.329251
2.9511993549999715,-0.103897,0.032813,0.007116,-0.036199,-0.017032,0.031243,-0.204069,0.120272,0.128787,-0.280374,0.219267,-0.086851,0.0571643,0.298828,0.239367,0.0698234,0.142851,-0.0800267,0.221196,0.229253,-0.383099,0.364104,-0.341552,0.329251
2.971685346999948,-0.129493,-0.003524,-0.009385,-0.103236,-0.157385,0.033021,-0.081534,0.143438,0.284627,-0.288629,0.302812,-0.178255,-0.0571517,0.0180234,-0.0245582,0.00384247,-0.21621,0.144385,-0.100654,0.350858,-0.0839415,0.0792146,0.029173,0.0425199
2.9915229940002064,-0.177529,-0.003718,0.015031,-0.172273,-0.20519,-0.048002,-0.040068,0.170625,0.476093,-0.401557,0.423737,-0.258923,-0.0571517,0.0180234,-0.0245582,0.00384247,-0.21621,0.144385,-0.100654,0.350858,-0.0839415,0.0792146,0.029173,0.0425199
3.0107132370003455,-0.162223,-0.007106,-0.061876,-0.355612,-0.17172,-0.015979,-0.014783,0.170748,0.579954,-0.388415,0.510201,-0.486266,-0.107789,0.0153378,-0.033765,-0.101651,-0.0221025,0.125973,-0.245275,0.229636,0.203249,-0.282766,0.247788,-0.082436
3.03099695300034,-0.285138,-0.027761,-0.087462,-0.39615,-0.304481,-0.05725,0.076643,0.172438,0.673604,-0.352773,0.457301,-0.585683,-0.107789,0.0153378,-0.033765,-0.101651,-0.0221025,0.125973,-0.245275,0.229636,0.203249,-0.282766,0.247788,-0.082436
3.050993074999951,-0.301063,-0.102353,-0.086005,-0.321578,-0.413908,-0.124901,0.195239,0.205359,0.791575,-0.330097,0.379232,-0.716131,-0.107789,0.0153378,-0.033765,-0.101651,-0.0221025,0.125973,-0.245275,0.229636,0.203249,-0.282766,0.247788,-0.082436
3.07152532300006,-0.216692,-0.098445,-0.037879,-0.183856,-0.322614,-0.216245,0.28013,0.149731,0.720459,-0.229293,0.256492,-0.622607,-0.134642,0.0260791,-0.0260926,-0.322611,-0.142172,-0.104962,0.0547096,0.208154,0.359732,-0.383329,0.305088,-0.33787
3.090958797999974,0.025832,0.063822,0.03766,0.054425,0.19174,-0.307945,0.260684,-0.155698,0.077746,-0.089349,0.107194,-0.054002,-0.134642,0.0260791,-0.0260926,-0.322611,-0.142172,-0.104962,0.0547096,0.208154,0.359732,-0.383329,0.305088,-0.33787
3.1115640220000387,0.030704,0.055358,-0.028475,-0.031807,0.184386,-0.165476,0.111632,-0.117933,0.00471,0.029079,0.001962,0.091759,-0.214816,-0.0368329,-0.0913068,-0.332584,-0.330526,-0.157901,0.170943,0.145625,0.277579,-0.233981,0.211428,-0.304503
3.1312944290002633,-0.032816,0.056225,0.011201,-0.062702,0.194829,-0.131031,0.12484,-0.028676,-0.021301,0.121803,-0.088945,0.286493,-0.214816,-0.0368329,-0.0913068,-0.332584,-0.330526,-0.157901,0.170943,0.145625,0.277579,-0.233981,0.211428,-0.304503
3.15117321300022,-0.049609,0.067061,0.103285,-0.021435,0.21902,-0.130612,0.160177,-0.013947,-0.042654,0.146092,-0.218941,0.363911,-0.214816,-0.0368329,-0.0913068,-0.332584,-0.330526,-0.157901,0.170943,0.145625,0.277579,-0.233981,0.211428,-0.304503
3.171324774000368,-0.02825,0.093471,0.107873,0.017401,0.262242,-0.154444,0.203938,0.001799,-0.112753,0.217049,-0.358842,0.422722,0.0644532,0.0705785,0.0398892,0.0598499,0.149755,-0.233856,0.183987,-0.176609,-0.0142146,0.0711601,-0.029048,0.148145
3.1914157020000857,0.019145,0.205125,0.053608,0.030766,0.214991,-0.135604,0.166708,0.09707,-0.213958,0.395029,-0.461692,0.438864,0.0644532,0.0705785,0.0398892,0.0598499,0.149755,-0.233856,0.183987,-0.176609,-0.0142146,0.0711601,-0.029048,0.148145
3.210937942000328,0.079143,0.327589,0.149305,0.039676,0.210811,-0.174084,0.179372,0.145399,-0.290063,0.645841,-0.567389,0.394972,-0.0226268,0.120448,0.0636729,-0.0395058,0.244125,-0.0915357,0.145241,0.0692865,-0.103041,0.251575,-0.255487,0.395065
3.231681533000028,0.066721,0.374182,0.307898,0.103701,0.150842,-0.134266,0.325672,0.203408,-0.362964,0.872824,-0.79897,0.399723,-0.0226268,0.120448,0.0636729,-0.0395058,0.244125,-0.0915357,0.145241,0.0692865,-0.103041,0.251575,-0.255487,0.395065
3.2508706040002835,0.04539,0.323098,0.293394,0.122794,0.041438,-0.177204,0.389384,0.220221,-0.337658,0.802144,-0.723324,0.297086,-0.0226268,0.120448,0.0636729,-0.0395058,0.244125,-0.0915357,0.145241,0.0692865,-0.103041,0.251575,-0.255487,0.395065
3.2710480130003816,-0.062782,0.08664,0.121868,0.060704,-0.119669,0.014833,0.096609,0.29206,-0.267632,0.47157,-0.426728,0.156928,0.0671388,0.32031,0.140779,0.0498763,0.175842,-0.146393,0.229636,0.187439,-0.331551,0.370087,-0.31877,0.399438
3.2908601020003516,-0.047035,-0.007746,-0.11734,-0.032945,-0.211051,0.263425,-0.31277,0.361146,-0.079356,0.000585,0.035498,0.051031,0.0671388,0.32031,0.140779,0.0498763,0.175842,-0.146393,0.229636,0.187439,-0.331551,0.370087,-0.31877,0.399438
3.311340504000327,-0.006373,0.080366,-0.065388,-0.034187,-0.001309,0.140986,-0.203119,0.183728,0.056244,-0.166348,0.112326,-0.016519,0.0671388,0.32031,0.140779,0.0498763,0.175842,-0.146393,0.229636,0.187439,-0.331551,0.370087,-0.31877,0.399438
3.331290339000134,-0.13576,0.033504,0.012091,-0.034536,-0.006968,0.042059,-0.172103,0.091399,0.134872,-0.273552,0.19202,-0.147616,0.0122815,0.25663,0.287318,0.123146,0.0208625,-0.0884677,0.36812,0.250734,-0.30831,0.360652,-0.362494,0.245026
3.350878352000109,-0.147156,0.009889,0.006263,-0.079886,-0.133433,0.026594,-0.049388,0.121488,0.259814,-0.256035,0.243622,-0.216363,0.0122815,0.25663,0.287318,0.123146,0.0208625,-0.0884677,0.36812,0.250734,-0.30831,0.360652,-0.362494,0.245026
3.3715152150002723,-0.198126,0.005714,-0.000868,-0.132851,-0.141905,-0.034337,-0.049555,0.134868,0.372038,-0.360466,0.379332,-0.320796,-0.0590695,0.0210923,-0.0656034,-0.0414237,-0.0662175,0.167402,-0.216121,0.191658,0.0706996,-0.0890039,0.0524148,-0.0518304
3.3910255330001746,-0.242088,-0.017476,-0.050818,-0.309541,-0.153674,-0.02441,-0.008728,0.131989,0.6215,-0.389389,0.464167,-0.509473,-0.0590695,0.0210923,-0.0656034,-0.0414237,-0.0662175,0.167402,-0.216121,0.191658,0.0706996,-0.0890039,0.0524148,-0.0518304
3.4109412150000935,-0.330461,-0.037482,-0.084084,-0.398223,-0.278398,-0.057432,0.095722,0.112449,0.754394,-0.346573,0.439766,-0.627375,-0.156892,0.0276135,-0.00384247,-0.125435,-0.0903856,-0.0769578,-0.0949,0.101894,0.306574,-0.372974,0.297724,-0.313248
3.4312740929999563,-0.304734,-0.098316,-0.087276,-0.313321,-0.393143,-0.117546,0.190942,0.186439,0.854983,-0.335149,0.374895,-0.754879,-0.156892,0.0276135,-0.00384247,-0.125435,-0.0903856,-0.0769578,-0.0949,0.101894,0.306574,-0.372974,0.297724,-0.313248
3.4512523210000836,-0.22475,-0.092299,-0.047428,-0.195046,-0.299544,-0.204502,0.254828,0.137812,0.800154,-0.245224,0.252142,-0.669981,-0.156892,0.0276135,-0.00384247,-0.125435,-0.0903856,-0.0769578,-0.0949,0.101894,0.306574,-0.372974,0.297724,-0.313248
3.471465807000186,0.017975,0.058868,0.034472,0.049865,0.167334,-0.296851,0.261215,-0.136932,0.114801,-0.09457,0.097319,-0.070259,-0.290771,-0.0237905,-0.0786468,-0.380536,-0.23539,-0.0926868,0.090768,0.146775,0.335569,-0.349962,0.302557,-0.362033
3.4912789580002936,0.035979,0.052203,-0.023128,-0.023397,0.155048,-0.143047,0.11768,-0.119064,0.040992,0.023908,-0.00732,0.095022,-0.290771,-0.0237905,-0.0786468,-0.380536,-0.23539,-0.0926868,0.090768,0.146775,0.335569,-0.349962,0.302557,-0.362033
3.5112745989999894,-0.039388,0.059342,0.019098,-0.066347,0.171488,-0.110741,0.127774,-0.029776,0.013806,0.115262,-0.088747,0.280688,-0.171469,-0.0191871,-0.0226403,-0.153437,-0.160202,-0.209688,0.239994,-0.00168216,0.161368,-0.10074,0.102812,-0.124088
3.531675092000114,-0.052487,0.069093,0.100071,-0.022031,0.196347,-0.114127,0.15094,-0.017775,-0.009866,0.143683,-0.205935,0.354608,-0.171469,-0.0191871,-0.0226403,-0.153437,-0.160202,-0.209688,0.239994,-0.00168216,0.161368,-0.10074,0.102812,-0.124088
3.5512083630001143,-0.026072,0.095567,0.109091,0.015053,0.256958,-0.129848,0.183967,-0.004974,-0.075925,0.229443,-0.345233,0.424688,-0.171469,-0.0191871,-0.0226403,-0.153437,-0.160202,-0.209688,0.239994,-0.00168216,0.161368,-0.10074,0.102812,-0.124088
3.5716540400003396,0.018848,0.19424,0.057727,0.027785,0.216117,-0.125513,0.164848,0.093381,-0.200708,0.379802,-0.47381,0.443369,0.0533286,0.117379,0.0372037,0.00422585,0.265223,-0.146393,0.13757,-0.0956668,0.00143323,0.128,-0.111891,0.284147
3.5915551350003625,0.067144,0.31953,0.153287,0.046895,0.190535,-0.157911,0.18189,0.151891,-0.274325,0.625194,-0.601249,0.409199,0.0533286,0.117379,0.0372037,0.00422585,0.265223,-0.146393,0.13757,-0.0956668,0.00143323,0.128,-0.111891,0.284147
3.610734097000204,0.068833,0.382522,0.300925,0.101549,0.148869,-0.128711,0.321425,0.201869,-0.343944,0.869892,-0.82281,0.405731,-0.0318335,0.164563,0.0613717,-0.00689876,0.178527,-0.101126,0.183987,0.127979,-0.187726,0.345004,-0.298059,0.418768
3.631359268000324,0.05344,0.332903,0.294069,0.121242,0.052634,-0.17914,0.380899,0.21406,-0.319087,0.831227,-0.75019,0.307984,-0.0318335,0.164563,0.0613717,-0.00689876,0.178527,-0.101126,0.183987,0.127979,-0.187726,0.345004,-0.298059,0.418768
3.651706853000178,-0.048551,0.102399,0.136232,0.063903,-0.101515,-0.011017,0.130065,0.27851,-0.267008,0.518206,-0.473137,0.169176,-0.0318335,0.164563,0.0613717,-0.00689876,0.178527,-0.101126,0.183987,0.127979,-0.187726,0.345004,-0.298059,0.418768
3.670624649000274,-0.061795,-0.01716,-0.096131,-0.022764,-0.216103,0.287953,-0.298966,0.371824,-0.092165,0.016462,0.014969,0.050573,0.0901548,0.388976,0.235532,0.0782634,0.147071,-0.156366,0.327073,0.21199,-0.306239,0.365255,-0.335339,0.38609
3.6913051630003793,-0.002604,0.081046,-0.065625,-0.033221,-0.008418,0.155029,-0.197172,0.188949,0.051618,-0.147499,0.106323,-0.018098,0.0901548,0.388976,0.235532,0.0782634,0.147071,-0.156366,0.327073,0.21199,-0.306239,0.365255,-0.335339,0.38609
3.711675641000056,-0.129199,0.039213,0.01002,-0.034555,0.002641,0.055618,-0.174631,0.083843,0.126027,-0.263745,0.181861,-0.150017,-0.0168723,0.163412,0.171469,0.0391351,-0.150229,0.0569218,0.0961391,0.293699,-0.086933,0.0440059,-0.0909505,0.077728
3.7311003200002233,-0.145933,0.011749,0.006904,-0.077565,-0.121017,0.038062,-0.051519,0.116837,0.247893,-0.247125,0.233462,-0.2304,-0.0168723,0.163412,0.171469,0.0391351,-0.150229,0.0569218,0.0961391,0.293699,-0.086933,0.0440059,-0.0909505,0.077728
3.7515613760001543,-0.189946,0.00941,-0.00176,-0.12698,-0.141319,-0.021782,-0.047426,0.129912,0.357498,-0.347263,0.367025,-0.329699,-0.0168723,0.163412,0.171469,0.0391351,-0.150229,0.0569218,0.0961391,0.293699,-0.086933,0.0440059,-0.0909505,0.077728
3.771091250000154,-0.254245,-0.017835,-0.040753,-0.283849,-0.146918,-0.02799,-0.010267,0.124882,0.618962,-0.390201,0.457145,-0.493268,-0.145766,-0.0241748,-0.0962936,-0.0966643,-0.0267059,0.121369,-0.226095,0.114553,0.177936,-0.264126,0.19509,-0.178397
3.790979862000313,-0.329709,-0.036208,-0.083729,-0.402149,-0.271043,-0.049135,0.092043,0.110016,0.771097,-0.346719,0.441703,-0.626163,-0.145766,-0.0241748,-0.0962936,-0.0966643,-0.0267059,0.121369,-0.226095,0.114553,0.177936,-0.264126,0.19509,-0.178397
3.810989468000116,-0.310635,-0.095513,-0.088667,-0.323409,-0.38469,-0.105606,0.186631,0.186554,0.864321,-0.338638,0.381093,-0.760576,-0.201774,0.0326003,0.0310658,-0.140395,-0.183986,-0.0777255,0.0539418,0.108799,0.340632,-0.343518,0.295193,-0.334649
3.831120831000135,-0.233918,-0.096727,-0.05483,-0.206364,-0.316338,-0.195146,0.244564,0.147272,0.824921,-0.259046,0.263865,-0.703445,-0.201774,0.0326003,0.0310658,-0.140395,-0.183986,-0.0777255,0.0539418,0.108799,0.340632,-0.343518,0.295193,-0.334649
3.851661064000382,0.004993,0.050199,0.035317,0.042652,0.141486,-0.294802,0.272001,-0.117603,0.146987,-0.100695,0.102449,-0.106318,-0.201774,0.0326003,0.0310658,-0.140395,-0.183986,-0.0777255,0.0539418,0.108799,0.340632,-0.343518,0.295193,-0.334649
3.8714980200002174,0.039343,0.051888,-0.019871,-0.014875,0.158813,-0.152516,0.126174,-0.126096,0.042902,0.020263,0.001623,0.084718,-0.286936,-0.0725089,-0.113939,-0.380153,-0.371188,-0.132582,0.205085,0.190508,0.345925,-0.30831,0.267578,-0.365025
3.8911459230002947,-0.037944,0.056483,0.015947,-0.063862,0.163625,-0.110531,0.127604,-0.03731,0.024225,0.112424,-0.079018,0.265282,-0.286936,-0.0725089,-0.113939,-0.380153,-0.371188,-0.132582,0.205085,0.190508,0.345925,-0.30831,0.267578,-0.365025
3.911188100000345,-0.052657,0.073051,0.090062,-0.027103,0.190304,-0.11288,0.149081,-0.018637,-0.000579,0.142555,-0.194804,0.344336,-0.0675095,0.0168723,0.0172557,-0.0441092,0.0730332,-0.161737,0.143323,-0.0741843,0.0732311,0.0497588,-0.0230651,-0.0283575
3.9314617780000845,-0.029683,0.094871,0.106609,0.014211,0.258977,-0.132491,0.182174,-0.008413,-0.068774,0.229845,-0.33406,0.41232,-0.0675095,0.0168723,0.0172557,-0.0441092,0.0730332,-0.161737,0.143323,-0.0741843,0.0732311,0.0497588,-0.0230651,-0.0283575
3.951445547000276,0.016712,0.185597,0.056189,0.026379,0.231016,-0.12605,0.178281,0.084255,-0.199444,0.366519,-0.493513,0.44934,-0.0675095,0.0168723,0.0172557,-0.0441092,0.0730332,-0.161737,0.143323,-0.0741843,0.0732311,0.0497588,-0.0230651,-0.0283575
3.9716157310003837,0.064885,0.325354,0.144741,0.052026,0.191528,-0.150373,0.193664,0.155871,-0.272455,0.612604,-0.624989,0.418641,-0.00958335,0.127737,0.107406,-0.00919998,0.242974,-0.109949,0.167491,-0.00781906,-0.027792,0.181388,-0.242601,0.374814
3.9914400630000273,0.071995,0.395596,0.289278,0.098069,0.158797,-0.129909,0.326386,0.199942,-0.346897,0.855957,-0.823757,0.407043,-0.00958335,0.127737,0.107406,-0.00919998,0.242974,-0.109949,0.167491,-0.00781906,-0.027792,0.181388,-0.242601,0.374814
4.011053203000301,0.058114,0.338121,0.295827,0.121632,0.06157,-0.185181,0.384276,0.211179,-0.31964,0.840049,-0.749327,0.317799,-0.00689876,0.203308,0.136559,0.0303117,0.194639,-0.128363,0.235391,0.118005,-0.236282,0.360883,-0.35536,0.435336
4.031730451000385,-0.037357,0.120914,0.149999,0.068372,-0.084372,-0.04561,0.160543,0.268473,-0.277966,0.547523,-0.487905,0.17975,-0.00689876,0.203308,0.136559,0.0303117,0.194639,-0.128363,0.235391,0.118005,-0.236282,0.360883,-0.35536,0.435336
4.0511118990002615,-0.075083,-0.023997,-0.080736,-0.016283,-0.222732,0.295645,-0.295256,0.385029,-0.114309,0.031026,0.003812,0.055359,-0.00689876,0.203308,0.136559,0.0303117,0.194639,-0.128363,0.235391,0.118005,-0.236282,0.360883,-0.35536,0.435336
4.071387681000033,0.000285,0.078019,-0.06778,-0.030245,-0.015965,0.165095,-0.201823,0.201372,0.04051,-0.135486,0.10766,-0.015318,0.053712,0.383989,0.291921,0.106267,0.0124234,-0.154449,0.347022,0.243063,-0.288059,0.363644,-0.360422,0.276783
4.091519705000337,-0.121639,0.041006,0.006336,-0.035563,0.010208,0.060783,-0.182819,0.082724,0.117004,-0.259557,0.178756,-0.142378,0.053712,0.383989,0.291921,0.106267,0.0124234,-0.154449,0.347022,0.243063,-0.288059,0.363644,-0.360422,0.276783
4.111570227000357,-0.14389,0.009658,0.006015,-0.077431,-0.117066,0.042698,-0.059634,0.119061,0.240327,-0.242827,0.234599,-0.230005,-0.105487,-0.0376006,-0.0667545,0.00115693,-0.163271,0.176226,-0.253331,0.30329,-0.0379174,-0.0142146,-0.0134002,-0.0219141
4.131610832000206,-0.185315,0.009129,-0.000743,-0.12412,-0.153947,-0.016348,-0.044989,0.13615,0.35044,-0.340562,0.362281,-0.324626,-0.105487,-0.0376006,-0.0667545,0.00115693,-0.163271,0.176226,-0.253331,0.30329,-0.0379174,-0.0142146,-0.0134002,-0.0219141
4.150956664000205,-0.257466,-0.022731,-0.029131,-0.254313,-0.156496,-0.03947,-0.012871,0.125939,0.607831,-0.394079,0.457279,-0.449619,-0.105487,-0.0376006,-0.0667545,0.00115693,-0.163271,0.176226,-0.253331,0.30329,-0.0379174,-0.0142146,-0.0134002,-0.0219141
4.1716518950001955,-0.31332,-0.035557,-0.086715,-0.412718,-0.28655,-0.043571,0.0882,0.123737,0.789305,-0.347986,0.447865,-0.614546,-0.17914,0.0103511,0.00996768,-0.126202,-0.100742,-0.00138676,-0.0500172,0.0892335,0.290696,-0.302787,0.25193,-0.276658
4.190831088000323,-0.309578,-0.094345,-0.092571,-0.339022,-0.391513,-0.0988,0.180639,0.197227,0.875477,-0.341978,0.386972,-0.759361,-0.17914,0.0103511,0.00996768,-0.126202,-0.100742,-0.00138676,-0.0500172,0.0892335,0.290696,-0.302787,0.25193,-0.276658
4.2112501660003545,-0.23851,-0.102716,-0.062011,-0.214351,-0.337793,-0.190073,0.238727,0.166727,0.838685,-0.268851,0.270188,-0.721899,-0.17914,0.0103511,0.00996768,-0.126202,-0.100742,-0.00138676,-0.0500172,0.0892335,0.290696,-0.302787,0.25193,-0.276658
4.231580088000101,-0.005896,0.043297,0.036208,0.037878,0.122669,-0.295205,0.279131,-0.104064,0.169217,-0.105765,0.108403,-0.133069,-0.25126,-0.0253249,-0.0502597,-0.243587,-0.267614,-0.0923034,0.0926858,0.153297,0.362263,-0.368371,0.303477,-0.361343
4.251604180999948,0.037605,0.050181,-0.014951,-0.004956,0.160837,-0.164771,0.138111,-0.135011,0.043606,0.02031,0.013569,0.073419,-0.25126,-0.0253249,-0.0502597,-0.243587,-0.267614,-0.0923034,0.0926858,0.153297,0.362263,-0.368371,0.303477,-0.361343
4.27113822299998,-0.037448,0.054638,0.014894,-0.06343,0.152192,-0.105709,0.125103,-0.042017,0.035936,0.111481,-0.069132,0.249725,-0.263151,-0.0824834,-0.0276271,-0.241285,-0.295617,-0.205852,0.283342,0.134501,0.297139,-0.19463,0.1753,-0.293687
4.290675792000002,-0.05154,0.073605,0.084928,-0.032687,0.183203,-0.110094,0.143486,-0.019332,0.007328,0.144411,-0.176286,0.337283,-0.263151,-0.0824834,-0.0276271,-0.241285,-0.295617,-0.205852,0.283342,0.134501,0.297139,-0.19463,0.1753,-0.293687
4.310981268999967,-0.031548,0.088656,0.110747,0.014711,0.254095,-0.131043,0.176553,-0.010917,-0.059994,0.233179,-0.311359,0.403902,0.0709745,0.117762,0.0709618,0.0441219,0.275964,-0.201248,0.146392,-0.142467,0.00718674,0.110511,-0.117875,0.254232
4.330967261000296,0.013776,0.176113,0.066375,0.022305,0.231892,-0.123952,0.161846,0.074574,-0.185302,0.367239,-0.463784,0.448138,0.0709745,0.117762,0.0709618,0.0441219,0.275964,-0.201248,0.146392,-0.142467,0.00718674,0.110511,-0.117875,0.254232
4.350868757000171,0.058424,0.309703,0.147245,0.049483,0.189416,-0.137775,0.170957,0.153492,-0.269143,0.598292,-0.595833,0.423129,0.0709745,0.117762,0.0709618,0.0441219,0.275964,-0.201248,0.146392,-0.142467,0.00718674,0.110511,-0.117875,0.254232
4.371099605000381,0.071113,0.392665,0.289019,0.09673,0.159399,-0.114641,0.306636,0.199609,-0.347654,0.842665,-0.816698,0.411037,-0.0425748,0.131573,0.0924433,-0.00613105,0.220341,-0.0938379,0.18015,0.0646831,-0.115008,0.306574,-0.332577,0.420839
4.391337115000169,0.058004,0.345912,0.30142,0.120699,0.063973,-0.173809,0.375391,0.210877,-0.323389,0.844775,-0.764558,0.328462,-0.0425748,0.131573,0.0924433,-0.00613105,0.220341,-0.0938379,0.18015,0.0646831,-0.115008,0.306574,-0.332577,0.420839
4.411196651999944,-0.021292,0.14758,0.165422,0.07171,-0.07266,-0.071819,0.188127,0.259307,-0.282638,0.586647,-0.520668,0.194513,-0.0425748,0.131573,0.0924433,-0.00613105,0.220341,-0.0938379,0.18015,0.0646831,-0.115008,0.306574,-0.332577,0.420839
4.431680941000195,-0.082769,-0.025089,-0.063664,-0.008336,-0.228758,0.295583,-0.285133,0.396822,-0.127933,0.053998,-0.018998,0.061603,0.0633022,0.342175,0.22057,0.0797979,0.122136,-0.154449,0.269531,0.200482,-0.295653,0.364565,-0.357661,0.362849
4.450824357000329,0.00033,0.071071,-0.073386,-0.028242,-0.028786,0.177854,-0.209842,0.214226,0.032783,-0.12031,0.106094,-0.017072,0.0633022,0.342175,0.22057,0.0797979,0.122136,-0.154449,0.269531,0.200482,-0.295653,0.364565,-0.357661,0.362849
4.470861385000262,-0.112694,0.042937,0.002188,-0.037918,0.017677,0.07007,-0.190559,0.0811,0.107512,-0.252122,0.177576,-0.137684,-0.0253114,0.163795,0.121982,0.0406696,-0.164806,-0.0236369,0.113402,0.300221,-0.207746,0.219128,-0.235696,0.140782
4.491493509000065,-0.141552,0.006706,0.005817,-0.078834,-0.109484,0.050634,-0.066212,0.119332,0.230239,-0.237503,0.238825,-0.233841,-0.0253114,0.163795,0.121982,0.0406696,-0.164806,-0.0236369,0.113402,0.300221,-0.207746,0.219128,-0.235696,0.140782
4.5108566630001405,-0.178198,0.009658,-0.000472,-0.125416,-0.154736,-0.007815,-0.042638,0.135611,0.346339,-0.331336,0.36292,-0.327693,-0.0253114,0.163795,0.121982,0.0406696,-0.164806,-0.0236369,0.113402,0.300221,-0.207746,0.219128,-0.235696,0.140782
4.530705341000157,-0.251906,-0.019602,-0.028265,-0.255069,-0.142878,-0.03713,-0.016494,0.116684,0.604089,-0.389697,0.461276,-0.459618,-0.105871,-0.0349151,-0.109719,-0.112776,-0.0896178,0.242974,-0.256017,0.209688,0.164129,-0.197852,0.189107,-0.158836
4.5516641220001475,-0.305102,-0.030606,-0.084999,-0.405638,-0.267079,-0.037629,0.085746,0.115888,0.77364,-0.343667,0.455137,-0.612161,-0.105871,-0.0349151,-0.109719,-0.112776,-0.0896178,0.242974,-0.256017,0.209688,0.164129,-0.197852,0.189107,-0.158836
4.571630628000094,-0.309097,-0.091549,-0.090326,-0.335253,-0.377981,-0.092302,0.180358,0.190358,0.8517,-0.334396,0.391992,-0.746656,-0.231312,0.0349015,0.0349015,-0.189498,-0.14601,-0.106114,0.036296,0.0861646,0.365485,-0.378266,0.310381,-0.362494
4.5913176750000275,-0.238636,-0.102529,-0.062791,-0.214789,-0.336418,-0.181664,0.240564,0.171525,0.825378,-0.265572,0.276533,-0.728179,-0.231312,0.0349015,0.0349015,-0.189498,-0.14601,-0.106114,0.036296,0.0861646,0.365485,-0.378266,0.310381,-0.362494
4.610889447000318,-0.013959,0.03576,0.032404,0.024551,0.103573,-0.286704,0.284754,-0.084532,0.188969,-0.105227,0.113616,-0.163779,-0.231312,0.0349015,0.0349015,-0.189498,-0.14601,-0.106114,0.036296,0.0861646,0.365485,-0.378266,0.310381,-0.362494
4.630951632000233,0.046396,0.052093,-0.014236,-0.001595,0.169863,-0.170293,0.135122,-0.136013,0.037787,0.018435,0.01737,0.073973,-0.294608,-0.0659877,-0.0955259,-0.355219,-0.322086,-0.104195,0.160203,0.164806,0.360422,-0.295883,0.260905,-0.364565
4.651271534999978,-0.031768,0.055602,0.009859,-0.060376,0.158786,-0.114652,0.129533,-0.045063,0.026187,0.105744,-0.068977,0.242472,-0.294608,-0.0659877,-0.0955259,-0.355219,-0.322086,-0.104195,0.160203,0.164806,0.360422,-0.295883,0.260905,-0.364565
4.67083416000014,-0.050532,0.077357,0.075747,-0.035057,0.188212,-0.115321,0.150419,-0.017096,-0.002218,0.139821,-0.182309,0.334181,0.0272428,0.0352858,0.036436,0.0598499,0.112546,-0.250734,0.233473,-0.127506,0.0815156,-0.00823166,0.0399884,-0.00189376
4.690836282999953,-0.034453,0.092966,0.108274,0.014799,0.255464,-0.135386,0.175382,-0.007462,-0.067211,0.223475,-0.32206,0.396526,0.0272428,0.0352858,0.036436,0.0598499,0.112546,-0.250734,0.233473,-0.127506,0.0815156,-0.00823166,0.0399884,-0.00189376
4.711413454000194,0.018095,0.19783,0.059069,0.028206,0.241169,-0.124699,0.1552,0.075587,-0.185072,0.385778,-0.463731,0.441076,0.0272428,0.0352858,0.036436,0.0598499,0.112546,-0.250734,0.233473,-0.127506,0.0815156,-0.00823166,0.0399884,-0.00189376
4.731673807000334,0.06787,0.316274,0.141792,0.042983,0.201743,-0.138152,0.150809,0.149521,-0.268841,0.609088,-0.553543,0.409459,-0.0272292,0.11431,0.0636729,-0.0295323,0.234535,-0.134116,0.129513,-0.0139569,-0.0404489,0.186681,-0.229023,0.354794
4.75107618400034,0.071808,0.38851,0.289283,0.095655,0.163537,-0.104859,0.290081,0.201615,-0.357982,0.835064,-0.785428,0.409552,-0.0272292,0.11431,0.0636729,-0.0295323,0.234535,-0.134116,0.129513,-0.0139569,-0.0404489,0.186681,-0.229023,0.354794
4.770907439999974,0.055212,0.346137,0.306033,0.121666,0.063891,-0.169473,0.371133,0.216747,-0.338612,0.833673,-0.75452,0.323848,0.0314618,0.240902,0.121599,0.0402862,0.202695,-0.109182,0.170177,0.134116,-0.239734,0.370318,-0.370777,0.42245
4.79139288100032,-0.01973,0.156304,0.162901,0.072548,-0.068843,-0.080472,0.198814,0.259214,-0.291706,0.582323,-0.517096,0.193039,0.0314618,0.240902,0.121599,0.0402862,0.202695,-0.109182,0.170177,0.134116,-0.239734,0.370318,-0.370777,0.42245
4.810794627000178,-0.081912,-0.019005,-0.068146,-0.009373,-0.225012,0.290266,-0.285336,0.397373,-0.132786,0.057164,-0.014286,0.064762,0.0314618,0.240902,0.121599,0.0402862,0.202695,-0.109182,0.170177,0.134116,-0.239734,0.370318,-0.370777,0.42245
4.831342684999981,0.004121,0.071692,-0.07796,-0.028563,-0.027613,0.182225,-0.217413,0.219819,0.029941,-0.121579,0.112876,-0.015755,0.0633022,0.426186,0.3299,0.100129,0.107942,-0.159819,0.347406,0.225801,-0.313142,0.363414,-0.363184,0.350422
4.851176494000356,-0.111506,0.041695,-0.000148,-0.039086,0.021629,0.06876,-0.200668,0.082957,0.106328,-0.254552,0.186834,-0.134414,0.0633022,0.426186,0.3299,0.100129,0.107942,-0.159819,0.347406,0.225801,-0.313142,0.363414,-0.363184,0.350422
4.8709177120003915,-0.139092,0.005595,0.005117,-0.079861,-0.114032,0.048941,-0.064924,0.12323,0.232606,-0.239765,0.24289,-0.225612,-0.0640563,0.0402726,-0.0648366,-0.0130366,-0.150996,0.167402,-0.10027,0.316716,-0.029633,-0.0673726,0.0383774,0.0077717
4.8910801320002975,-0.179899,0.008324,-0.0007,-0.128777,-0.158623,-0.010313,-0.042091,0.138582,0.35253,-0.336784,0.368777,-0.322538,-0.0640563,0.0402726,-0.0648366,-0.0130366,-0.150996,0.167402,-0.10027,0.316716,-0.029633,-0.0673726,0.0383774,0.0077717
4.911163876000046,-0.246653,-0.020955,-0.026808,-0.26227,-0.154534,-0.042589,-0.017446,0.123326,0.611578,-0.392491,0.464759,-0.447518,-0.0640563,0.0402726,-0.0648366,-0.0130366,-0.150996,0.167402,-0.10027,0.316716,-0.029633,-0.0673726,0.0383774,0.0077717
4.93120752599998,-0.297302,-0.030364,-0.087697,-0.41537,-0.281375,-0.039463,0.083914,0.124337,0.777954,-0.345423,0.459397,-0.607759,-0.158425,0.00728214,-0.0168849,-0.119297,-0.0385972,0.066512,-0.155511,0.0900012,0.198648,-0.254231,0.212349,-0.204401
4.95113815600007,-0.306492,-0.092827,-0.090946,-0.340114,-0.390512,-0.093603,0.180761,0.197154,0.8491,-0.334119,0.392475,-0.740559,-0.158425,0.00728214,-0.0168849,-0.119297,-0.0385972,0.066512,-0.155511,0.0900012,0.198648,-0.254231,0.212349,-0.204401
4.971567573000357,-0.23614,-0.103085,-0.060978,-0.213853,-0.342694,-0.184512,0.244881,0.175711,0.814612,-0.263295,0.273176,-0.718574,-0.288854,-0.00115693,-0.0441219,-0.369028,-0.269916,-0.0850145,0.104579,0.118773,0.365945,-0.359627,0.313142,-0.365945
4.990881535999961,-0.00776,0.037781,0.034477,0.029858,0.11181,-0.292311,0.283949,-0.09019,0.172772,-0.104837,0.112324,-0.149236,-0.288854,-0.00115693,-0.0441219,-0.369028,-0.269916,-0.0850145,0.104579,0.118773,0.365945,-0.359627,0.313142,-0.365945
